{"cameraMode":{"drawMode":0,"name":"Shaded","section":"Shading Mode"},"sceneLighting":true,"audioPlay":false,"sceneViewState":{"m_AlwaysRefresh":false,"showFog":true,"showSkybox":true,"showFlares":true,"showImageEffects":true,"showParticleSystems":true,"showVisualEffectGraphs":true,"m_FxEnabled":true},"in2DMode":false,"pivot":{"x":1771.421142578125,"y":62.31317138671875,"z":2999.902099609375},"rotation":{"x":0.06415554136037827,"y":0.005971078295260668,"z":-0.00039841371471993625,"w":0.9979410171508789},"size":2297.111572265625,"orthographic":false}