{"cameraMode":{"drawMode":0,"name":"Shaded","section":"Shading Mode"},"sceneLighting":false,"audioPlay":false,"sceneViewState":{"m_AlwaysRefresh":false,"showFog":true,"showSkybox":false,"showFlares":true,"showImageEffects":true,"showParticleSystems":true,"showVisualEffectGraphs":true,"m_FxEnabled":true},"in2DMode":false,"pivot":{"x":38.86134338378906,"y":7.770203590393066,"z":23.163381576538087},"rotation":{"x":0.14859195053577424,"y":-0.10510579496622086,"z":0.015885092318058015,"w":0.9831730723381043},"size":15.581315994262696,"orthographic":false}